#SOVIET UNION
SOV_iosif_stalin코0=Iosif Stalin
SOV_konstantin_rodzayevsky코0=Konstantin Rodzayevsky
SOV_aleksandr_kerensky코0=Aleksandr Kerensky
SOV_supreme_soviet코0=The Supreme Soviet
SOV_provisional_government코0=The Provisional Government

SOV_georgy_zhukov코0=Georgy Zhukov
SOV_konstantin_rokossovsky코0=Konstantin Rokossovsky
SOV_aleksandr_vasilevsky코0=Aleksandr Vasilevsky
SOV_boris_shaposhnikov코0=Boris Shaposhnikov
SOV_nikolay_vatutin코0=Nikolay Vatutin
SOV_ivan_konev코0=Ivan Konev
SOV_semyon_timoshenko코0=Semyon Timoshenko
SOV_kliment_voroshilov코0=Kliment Voroshilov
SOV_mikhail_tukhachevsky코0=Mikhail Tukhachevsky
SOV_semyon_budyonny코0=Semyon Budyonny
SOV_ivan_chernyakhovsky코0=Ivan Chernyakhovsky
SOV_issa_pliyev코0=Issa Pliyev
SOV_leonid_govorov코0=Leonid Govorov
SOV_grigory_kulik코0=Grigory Kulik
SOV_kirill_meretskov코0=Kirill Meretskov
SOV_filipp_golikov코0=Filipp Golikov
SOV_andrey_yeryomenko코0=Andrey Yeryomenko
SOV_georgy_zakharov코0=Georgy Zakharov
SOV_yakov_cherevichenko코0=Yakov Cherevichenko
SOV_maks_reyter코0=Maks Reyter
SOV_nikandr_chibisov코0=Nikandr Chibisov
SOV_vasily_kuznetsov코0=Vasily Kuznetsov
SOV_andrey_vlasov코0=Andrey Vlasov
SOV_ivan_fedyuninsky코0=Ivan Fedyuninsky
SOV_maksim_purkayev코0=Maksim Purkayev
SOV_kuzma_galitsky코0=Kuzma Galitsky
SOV_markian_popov코0=Markian Popov
SOV_nikolay_berzarin코0=Nikolay Berzarin
SOV_aleksandr_gorbatov코0=Aleksandr Gorbatov
SOV_kirill_moskalenko코0=Kirill Moskalenko
SOV_dmitry_lelyushenko코0=Dmitry Lelyushenko
SOV_andrey_grechko코0=Andrey Grechko
SOV_rodion_malinovsky코0=Rodion Malinovsky
SOV_vasily_chuykov코0=Vasily Chuykov
SOV_filipp_oktyabrsky코1=Filipp Oktyabrsky
SOV_sergey_gorshkov코0=Sergey Gorshkov
SOV_gordey_levchenko코0=Gordey Levchenko
SOV_arseny_golovko코0=Arseny Golovko
SOV_vladimir_kasatonov코0=Vladimir Kasatonov
SOV_stepan_krasovsky코0=Stepan Krasovsky
SOV_vladimir_tributs코0=Vladimir Tributs
SOV_sergey_khudyakov코0=Sergey Khudyakov
SOV_konstantin_vershinin코0=Konstantin Vershinin
SOV_sergey_rudenko코0=Sergey Rudenko
SOV_ivan_yumashev코0=Ivan Yumashev
SOV_nikolay_kuznetsov코0=Nikolay Kuznetsov
SOV_yakov_smushkevich코0=Yakov Smushkevich
SOV_pavel_rychagov코0=Pavel Rychagov
SOV_aleksandr_golovanov코1=Aleksandr Golovanov
SOV_mikhail_frinovsky코0=Mikhail Frinovsky
SOV_igor_kurchatov코0=Igor Kurchatov
SOV_sergey_korolyov코0=Sergey Korolyov
SOV_pavel_zhigarev코0=Pavel Zhigarev
SOV_pyotr_smirnov코0=Pyotr Smirnov
SOV_aleksandr_yegorov코0=Aleksandr Yegorov
SOV_vasily_blyukher코0=Vasily Blyukher
SOV_aleksandr_novikov코0=Aleksandr Novikov
SOV_vitaly_primakov코0=Vitaly Primakov
SOV_vasily_korzh코0=Vasily Korzh
SOV_sidor_kovpak코0=Sidor Kovpak
SOV_lev_dovator코0=Lev Dovator
SOV_pavel_rybalko코0=Pavel Rybalko

SOV_mikhail_kalinin코0=Mikhail Kalinin
SOV_nikita_khrushchyov코0=Nikita Khrushchyov
SOV_nikolay_voznesensky코0=Nikolay Voznesensky
SOV_lazar_kaganovich코0=Lazar Kaganovich
SOV_genrikh_yagoda코0=Genrikh Yagoda
SOV_nikolay_yezhov코0=Nikolay Yezhov
SOV_lavrenty_beriya코0=Lavrenty Beriya
SOV_vsevolod_merkulov코0=Vsevolod Merkulov
SOV_maksim_litvinov코0=Maksim Litvinov
SOV_ivan_smirnov코0=Ivan Smirnov
SOV_ivar_smilga코0=Ivar Smilga
SOV_karl_radek코0=Karl Radek
SOV_yevgeny_preobrazhensky코0=Yevgeni Preobrazhensky
SOV_aleksandr_shlyapnikov코0=Aleksandr Shlyapnikov
SOV_lev_trotsky코0=Lev Trotsky
SOV_nikolay_bukharin코0=Nikolay Bukharin
SOV_aleksey_rykov코0=Aleksey Rykov
SOV_mikhail_tomsky코0=Mikhail Tomsky
SOV_grigory_zinovyev코0=Grigory Zinovyev
SOV_lev_kamenev코0=Lev Kamenev
SOV_martemyan_ryutin코0=Martemyan Ryutin
SOV_grigory_sokolnikov코0=Grigory Sokolnikov
SOV_patriarch_sergy코0=Patriarch Sergy

SOV_metropolitan_anastasy코0=Metropolitan Anastasy
SOV_metropolitan_nikolay코0=Metropolitan Nikolay
SOV_metropolitan_aleksy코0=Metropolitan Aleksy
SOV_grigory_semyonov코0=Grigory Semyonov
SOV_nikolay_ustryalov코0=Nikolay Ustryalov
SOV_aleksandr_kazembek코0=Aleksandr Kazembek
SOV_anastasy_vonsyatsky코1=Anastasy Vonsyatsky
SOV_aleksandr_prokofyev_seversky코0=Aleksandr Prokofyev-Seversky
SOV_vyacheslav_tkachyov코0=Vyacheslav Tkachyov
SOV_yan_nagursky코0=Yan Nagursky
SOV_vasily_yanchenko코0=Vasily Yanchenko
SOV_anton_denikin코0=Anton Denikin
SOV_pyotr_krasnov코0=Pyotr Krasnov
SOV_konstantin_nechayev코0=Konstantin Nechayev
SOV_vladimir_kosmin코0=Vladimir Kosmin
SOV_aleksandr_rodzyanko코0=Aleksandr Rodzyanko
SOV_andrey_shkuro코0=Andrey Shkuro
SOV_tsar_vladimir_kirillovich코0=Vladimir III
SOV_tsar_vsevolod_ivanovich코0=Tsar Vsevolod I
SOV_metropolitan_meletius코0=Metropolitan Meletius
SOV_patriarch_meletius코0=Patriarch Meletius

#ARGENTINA
ARG_senor_hitler코0=Señor Hilter

#AUSTRIA
AUS_kurt_schuschnigg코0=Kurt Schuschnigg
AUS_karl_renner코0=Karl Renner
AUS_alfred_klahr코0=Alfred Klahr
AUS_karl_eglseer코0=Karl Eglseer

#BULGARIA
BUL_boris_iii코0=Boris III
BUL_boris_iii_desc코0=Tsar Boris III
BUL_ferdinand_i코0=Ferdinand I
BUL_regency_council코0=Regency Council
BUL_georgi_dimitrov코0=Georgi Dimitrov
BUL_georgi_dimitrov_desc코0=Georgi Dimitrov Mihailov
BUL_nikola_mushanov코0=Nikola Mushanov
BUL_nikola_mushanov_desc코0=Nikola Stoykov Mushanov
BUL_atanas_shalapatov코0=Atanas Shalapatov
BUL_atanas_shalapatov_desc코0=Atanas N. Shalapatov
BUL_nikola_mihov코0=Nikola Mihov
BUL_nikola_mihov_desc코0=Nikola Mihailov Mihov
BUL_georgi_popov코0=Georgi Popov
BUL_georgi_popov_desc코0=Georgi Nikolov Popov
BUL_ivan_markov코0=Ivan Markov
BUL_ivan_markov_desc코0=Ivan Hristov Markov
BUL_georgi_markov코0=Georgi Markov
BUL_georgi_markov_desc코0=Georgi Markov Markov
BUL_asen_nikolov코0=Asen Nikolov
BUL_asen_nikolov_desc코0=Asen Dobrev Nikolov
BUL_nikola_stoychev코0=Nikola Stoychev
BUL_nikola_stoychev_desc코0=Nikola Georgiev Stoychev
BUL_damian_velchev코0=Damian Velchev
BUL_damian_velchev_desc코0=Damian Velchev Damianov
BUL_angel_dotsev코0=Angel Dotsev
BUL_angel_dotsev_desc코0=Angel Georgiev Dotsev
BUL_georgi_ivanov_kyoseivanov_bftb코0=Georgi Kyoseivanov
BUL_georgi_ivanov_kyoseivanov_bftb_desc코0=Georgi Ivanov Kyoseivanov
BUL_stefan_nedev코1=Stefan Nedev
BUL_stefan_nedev_desc코0=Stefan Savov Nedev
BUL_stoycho_mushanov코0=Stoycho Mushanov
BUL_stoycho_mushanov_desc코0=Stoycho Stefanov Mushanov
BUL_nikola_petkov코0=Nikola Petkov
BUL_nikola_petkov_desc코0=Nikola Dimitrov Petkov
BUL_konstantin_muraviev_bftb코0=Konstantin Muraviev
BUL_konstantin_muraviev_bftb_desc코0=Konstantin Vladov Muraviev
BUL_stefan_stefanov코0=Stefan Stefanov
BUL_stefan_stefanov_desc코0=Stefan Georgiev Stefanov
BUL_dimitrana_ivanova코0=Dimitrana Ivanova
BUL_dimitrana_ivanova_desc코0=$BUL_dimitrana_ivanova$
BUL_vasil_kolarov코0=Vasil Kolarov
BUL_vasil_kolarov_desc코0=Vasil Petrov Kolarov
BUL_valko_chervenkov코0=Valko Chervenkov
BUL_valko_chervenkov_desc코0=Valko Velyov Chervenkov
BUL_todor_pavlov코0=Todor Pavlov
BUL_todor_pavlov_desc코0=Todor Dimitrov Pavlov
BUL_ivan_dochev코0=Ivan Dochev
BUL_ivan_dochev_desc코0=Ivan Dimitrov Dochev
BUL_aleksandar_tsankov코0=Aleksandar Tsankov
BUL_aleksandar_tsankov_desc코0=Aleksandar Tsolov Tsankov
BUL_nikola_zhekov코0=Nikola Zhekov
BUL_nikola_zhekov_desc코0=Nikola Todorov Zhekov
BUL_dobri_bozhilov_bftb코0=Dobri Bozhilov
BUL_dobri_bozhilov_bftb_desc코0=Dobri Bozhilov Hadzhiyanakev
BUL_bogdan_filov코0=Bogdan Filov
BUL_bogdan_filov_fascism코0=Bogdan Filov
BUL_bogdan_filov_desc코0=Bogdan Dimitrov Filov
BUL_kimon_georgiev코0=Kimon Georgiev
BUL_kimon_georgiev_desc코0=Kimon Georgiev Stoyanov
BUL_theodosi_daskalov코1=Teodosi Daskalov
BUL_theodosi_daskalov_desc코0=Teodosi Petrov Daskalov
BUL_georgi_petsov_bftb코0=Georgi Petsov
BUL_georgi_petsov_bftb_desc코0=$BUL_georgi_petsov_bftb$
BUL_sava_ivanov코0=Sava Ivanov
BUL_sava_ivanov_desc코0=Sava Nikolov Ivanov
BUL_georgi_drenikov코0=Georgi Drenikov
BUL_georgi_drenikov_desc코0=Georgi Stoimenov Drenikov
BUL_konstantin_lukash코0=Konstantin Lukash
BUL_konstantin_lukash_desc코0=Konstantin Ludvig Lukash
BUL_nikola_hadzipetkov_bftb코0=Nikola Hadzhipetkov
BUL_nikola_hadzipetkov_bftb_desc코0=Nikola Petkov Hadzhipetkov
BUL_kiril_dimitrov_yanchulev코1=Kiril Yanchulev
BUL_kiril_dimitrov_yanchulev_desc코0=Kiril Dimitrov Yanchulev
BUL_vasil_boydev_bftb코0=Vasil Boydev
BUL_vasil_boydev_bftb_desc코0=Vasil Tenev Boydev
BUL_kiril_stanchev_bftb코0=Kiril Stanchev
BUL_kiril_stanchev_bftb_desc코0=Kiril Nikolov Stanchev
BUL_dimitr_ayryanov코0=Dimitar Ayryanov
BUL_dimitr_ayryanov_desc코0=Dimitar Vasilev Ayryanov
BUL_gancho_manchev코0=Gancho Manchev
BUL_gancho_manchev_desc코0=Gancho Ivanov Manchev
BUL_zachari_zachariev코1=Zahari Zahariev
BUL_zachari_zachariev_desc코0=Zahari Simeonov Zahariev
BUL_asen_toshev코0=Asen Toshev
BUL_asen_toshev_desc코0=Asen Konstantinov Toshev
BUL_ivan_variklechkov코0=Ivan Variklechkov
BUL_ivan_variklechkov_desc코0=Ivan Petrov Variklechkov
BUL_stoyan_stoyanov_bftb코0=Stoyan Stoyanov
BUL_stoyan_stoyanov_bftb_desc코0=Stoyan Iliev Stoyanov
BUL_stefan_tsanev코0=Stefan Tsanev
BUL_stefan_tsanev_desc코0=Stefan Toshev Tsanev
BUL_ivan_sapundzhiev코0=Ivan Sapundzhiev
BUL_ivan_sapundzhiev_desc코0=Ivan Hristov Sapundzhiev
BUL_atanas_pavlov_zhilkov_bftb코0=Atanas Zhilkov
BUL_atanas_pavlov_zhilkov_bftb_desc코0=Atanas Pavlov Zhilkov
BUL_stoyan_trendafilov코0=Stoyan Trendafilov
BUL_stoyan_trendafilov_desc코0=Stoyan Konstantinov Trendafilov
BUL_trifon_trifonov코0=Trifon Trifonov
BUL_trifon_trifonov_desc코0=Trifon Yordanov Trifonov
BUL_vladimir_stoychev코0=Vladimir Stoychev
BUL_vladimir_stoychev_desc코0=Vladimir Dimitrov Stoychev
BUL_ferdinand_kozovski코0=Ferdinand Kozovski
BUL_ferdinand_kozovski_desc코0=Ferdinand Todorov Kozovski
BUL_ivan_gaidimitriv_desc코0=$BUL_ivan_gaidimitriv$
BUL_bonyu_stoev_pironkov_desc코0=Bonyu Stoev Pironkov
BUL_nikola_totev_markov_desc코0=Nikola Totev Markov
BUL_blagoi_ivanov_desc코0=Blagoi Evtimov Ivanov
BUL_nikola_nakov코0=Nikola Nakov

#SPAIN
SPR_enrique_lister코0=Enrique Líster
SPR_enrique_lister_desc코0=Enrique Líster Forján
SPR_valentin_gonzalez코0=Valentín González
SPR_niceto_alcala_zamora코0=Niceto Alcalá-Zamora
SPR_jose_diaz코0=José Díaz
SPR_alejandro_lerroux코0=Alejandro Lerroux
SPA_francisco_franco코0=Francisco Franco
SPR_manuel_fal_conde코0=Manuel Fal Conde
SPR_vicente_rojo_lluch코0=Vicente Rojo Lluch
SPR_jose_asensio_torrado코0=José Asensio Torrado
SPR_juan_modesto코0=Juan Modesto
SPR_antonio_cordon_garcia코0=Antonio Cordón García
SPR_mohamed_meziane코0=Mohamed Meziane
SPR_gonzalo_queipo_de_llano코0=Gonzalo Queipo de Llano
SPR_jose_millan_astray코0=José Millán Astray
SPR_miguel_buiza_fernandez_palacios코0=Miguel Buiza Fernández-Palacios

#PORTUGAL
POR_antonio_de_oliveira_salazar코0=António de Oliveira Salazar
POR_bento_goncalves코0=Bento Gonçalves
POR_jose_vicente_de_freitas코0=José Vicente de Freitas
POR_luis_augusto_ferreira_martins코0=Luís Augusto Ferreira Martins
POR_raul_augusto_esteves코0=Raul Augusto Esteves
POR_jose_mendes_cabecadas코0=José Mendes Cabeçadas
POR_raul_brandao코0=Raul Brandão

#NATIONALIST CHINA
CHI_chiang_kaishek코0=Chiang Kai-Shek
CHI_zhang_guotao코0=Zhang Guotao
CHI_wang_jingwei코0=Wang Jingwei
CHI_weng_wenhao코0=Weng Wenhao
CHI_tu_yuming코0=Tu Yu-ming
CHI_hsueh_yueh코0=Hsueh Yueh
CHI_tai_anlan코0=Tai An-lan
CHI_wang_yaowu코0=Wang Yao-wu
CHI_sun_li_jen코0=Sun Li Jen
CHI_hu_zongnan코0=Hu Zongnan
CHI_gu_zhutong코0=Gu Zhutong
CHI_wei_lihuang코0=Wei Lihuang
CHI_fu_zuoyi코0=Fu Zuoyi
CHI_zhang_xueliang코0=Zhang Xueliang

#PEOPLE'S REPUBLIC OF CHINA
PRC_mao_zedong코0=Mao Zedong
PRC_peng_dehuai코0=Peng Dehuai
PRC_lin_biao코0=Lin Biao
PRC_kwong_hu코0=Kwong Hu
PRC_luo_zhao코0=Luo Zhao
PRC_liang_ma코0=Liang Ma

#SINKIANG
SIK_sheng_shicai코0=Sheng Shicai
SIK_chiang_yufen코0=Chiang Yu-fen
SIK_kwong_jin코0=Kwong Jin
SIK_luo_wei코0=Luo Wei
SIK_liang_jiang코0=Liang Jiang

#XIBEI SAN MA
XSM_ma_bufang코0=Ma Bufang
XSM_mao_sun코0=Mao Sun
XSM_hsia_sun코0=Hsia Sun
XSM_hsia_jin코0=Hsia Jin

#SHANXI
SHX_wang_jingguo코0=Wang Jingguo
SHX_luo_zhao코0=Luo Zhao
SHX_liao_ting코0=Liao Ting

#GUANXI CLIQUE
GXC_liu_peng코0=Liu Peng
GXC_zhang_lu코0=Zhang Lü
GXC_li_ting코0=Li Ting

#YUNNAN
YUN_long_yun코0=Long Yun
YUN_mao_dong코0=Mao Dong
YUN_cheng_peng코0=Cheng Peng
YUN_hsia_wu코0=Hsia Wu

#MANCHUKUO
MAN_aisin_gioro_puyi코0=Aisin Gioro Puyi
MAN_zhang_haipeng코0=Zhang Haipeng
MAN_zhang_jinghui코0=Zhang Jinghui
MAN_aisin_gioro_xiqia코0=Aisin Gioro Xiqia
MAN_yoshiko_kawashima코0=Yoshiko Kawashima
MAN_zhao_shangzhi코0=Zhao Shangzhi
MAN_changlin_linge코0=Changlin Linge

#USA
USA_franklin_delano_roosevelt코0=Franklin Delano Roosevelt
USA_william_dudley_pelley코0=William Dudley Pelley
USA_earl_browder코0=$earl_browder$
USA_george_s_patton코0=$george_patton$
USA_omar_bradley코0=$omar_bradley$
USA_dwight_d_eisenhower코0=$dwight_eisenhower$
USA_geoffrey_keyes코0=Geoffrey Keyes
USA_lucian_truscott코0=Lucian Truscott
USA_mark_clark코0=$mark_clark$
USA_douglas_macarthur코0=$douglas_macarthur$
USA_walter_krueger코0=$walter_krueger$
USA_lloyd_fredendall코0=Lloyd Fredendall
USA_leslie_mcnair코0=Leslie McNair
USA_jonathan_wainwright코0=Jonathan Wainwright
USA_russell_hartle코0=Russell Hartle
USA_leonard_gerow코0=Leonard Gerow
USA_edward_brooks코0=Edward Brooks
USA_clarence_huebner코0=Clarence Huebner
USA_alexander_patch코0=Alexander Patch
USA_william_simpson코0=William Simpson
USA_j_lawton_collins코0=J. Lawton Collins
USA_courtney_hodges코0=$courtney_hodges$
USA_joseph_stilwell코0=$joseph_stilwell$
USA_oscar_griswold코0=Oscar Griswold
USA_maurice_rose코0=Maurice Rose
USA_alexander_vandegrift코0=Alexander Vandegrift
USA_ernest_king코0=$ernest_king$
USA_chester_w_nimitz코0=$chester_nimitz$
USA_william_halsey_jr코0=William Halsey, Jr.
USA_frank_jack_fletcher코0=$frank_jack_fletcher$
USA_raymond_a_spruance코0=Raymond A. Spruance
USA_harold_rainsford_stark코0=Harold Rainsford Stark
USA_arleigh_burke코0=Arleigh Burke
USA_charles_m_cooke_jr코0=Charles M. Cooke, Jr.
USA_carnot_wheeler코0=Carnot Wheeler
USA_robert_goddard코0=$robert_goddard$
USA_robert_oppenheimer코0=$robert_oppenheimer$
USA_curtis_lemay코0=$curtis_lemay$
USA_dewitt_clinton_ramsey코0=$dewitt_clinton_ramsey$
USA_harold_mcclelland코0=$harold_mcclelland$
USA_marc_mitscher코0=$marc_mitscher$
USA_george_marshall코0=$george_marshall$
USA_william_halsey코0=$william_halsey$
USA_henry_arnold코0=$henry_arnold$
USA_carl_spaatz코0=$carl_spaatz$
USA_george_kenney코0=$george_kenney$
USA_jimmy_doolittle코0=$jimmy_doolittle$
USA_john_cannon코0=$john_cannon$
USA_claire_lee_chennault코0=$claire_lee_chennault$
USA_raymond_spruance코0=$raymond_spruance$
USA_thomas_kinkaid코0=$thomas_kinkaid$
USA_harry_white코0=$harry_white$
USA_victor_perlo코0=$victor_perlo$
USA_whittaker_chambers코0=$whittaker_chambers$
USA_harold_ickes코0=$harold_ickes$
USA_charles_coughlin코0=$charles_coughlin$
USA_william_donovan코0=$usa_william_donovan$

#ITALY
ITA_benito_mussolini코0=Benito Mussolini
ITA_ferruccio_parri코0=Ferruccio Parri
ITA_victor_emmanuel_iii코0=Victor Emmanuel III
ITA_palmiro_togliatti코0=Palmiro Togliatti
ITA_pietro_badoglio코0=$pietro_badoglio$
ITA_emilio_de_bono코0=$emilio_de_bono$
ITA_ugo_cavallero코0=$ugo_cavallero$
ITA_giovanni_messe코0=$giovanni_messe$
ITA_sebastiano_visconti_prasca코0=Sebastiano Visconti Prasca
ITA_ubaldo_soddu코0=Ubaldo Soddu
ITA_italo_balbo코0=$italo_balbo$
ITA_rodolfo_graziani코0=$rodolfo_graziani$
ITA_inigo_campioni코0=$inigo_campioni$
ITA_alberto_da_zara코0=$alberto_da_zara$
ITA_giuseppe_fioravanzo코0=Giuseppe Fioravanzo
ITA_carlo_bergamini코0=$carlo_bergamini$
ITA_angelo_iachino코0=$angelo_iachino$
ITA_alfredo_guzzoni코0=$alfredo_guzzoni$
ITA_guiseppe_fioravanzo코0=$guiseppe_fioravanzo$
ITA_amedeo_mecozzi코0=$amedeo_mecozzi$
ITA_renato_sandalli코0=$renato_sandalli$
ITA_gaetano_crocco코0=$gaetano_crocco$
ITA_domenico_cavagnari코0=$domenico_cavagnari$
ITA_arturo_riccardi코0=$arturo_riccardi$
ITA_rino_corso_fougier코0=$rino_corso_fougier$
ITA_francesco_pricolo코0=$francesco_pricolo$
ITA_mario_roatta코0=$mario_roatta$
ITA_vittorio_ambrosio코0=$vittorio_ambrosio$
ITA_ettore_muti코0=$ettore_muti$
ITA_marziale_cerutti코0=$marziale_cerutti$
ITA_silvio_scaroni코0=$silvio_scaroni$
ITA_luigi_mascherpa코0=$luigi_mascherpa$
ITA_amadeo_bordiga코0=$amadeo_bordiga$
ITA_ivanoe_bonomi코0=$ivanoe_bonomi$
ITA_carlo_scorza코0=$carlo_scorza$

#FRANCE
FRA_pierre_laval코0=Pierre Laval
FRA_edouard_daladier코0=Édouard Daladier
FRA_denis_guillaumat코0=Denis Guillaumat
FRA_maurice_thorez코0=$maurice_thorez$
FRA_rene_nicod코0=René Nicod
FRA_philippe_petain코0=Philippe Pétain
FRA_jean_de_lattre_de_tassigny코0=Jean de Lattre de Tassigny
FRA_alphonse_juin코0=Alphonse Juin
FRA_maurice_gamelin코0=$maurice_gamelin$
FRA_maxime_weygand코0=$maxime_weygand$
FRA_alphonse_georges코0=$alphonse_georges$
FRA_antoinemariebenoit_besson코0=Antoine-Marie-Benoît Besson
FRA_charles_de_gaulle코0=$charles_de_gaulle$
FRA_philippe_leclerc코0=$philippe_leclerc$
FRA_henri_giraud코0=$henri_giraud$
FRA_charles_huntziger코0=$charles_huntziger$
FRA_gastonhenri_billotte코0=Gaston-Henri Billotte
FRA_henry_freydenberg코0=Henry Freydenberg
FRA_rene_olry코0=René Olry
FRA_francois_darlan코0=$francois_darlan$
FRA_jeanmarie_charles_abrial코0=Jean-Marie Charles Abrial
FRA_jeanpierre_esteva코0=Jean-Pierre Esteva
FRA_rene_emile_godfroy코0=$rene_emile_godfroy$
FRA_jean_de_laborde코0=$jean_de_laborde$
FRA_victor_denain코0=$victor_denain$
FRA_jean_decoux코0=$jean_decoux$
FRA_jean_marie_bergeret코0=$jean_marie_bergeret$
FRA_louis_kahn코0=$louis_kahn$
FRA_frederic_irene_joliot_curie코0=$frederic_irene_joliot_curie$
FRA_jean_marie_abrial코0=$jean_marie_abrial$
FRA_marcel_gensoul코0=$marcel_gensoul$
FRA_joseph_vuillemin코0=$joseph_vuillemin$
FRA_robert_odic코0=$robert_odic$
FRA_philippe_fequant코0=$philippe_fequant$
FRA_martial_valin코0=$martial_valin$
FRA_jean_francois_jannekeyn코0=$jean_francois_jannekeyn$
FRA_emile_muselier코0=$emile_muselier$
FRA_alfred_heurtaux코0=$alfred_heurtaux$
FRA_rene_prioux코0=$rene_prioux$
FRA_leon_blum코0=$leon_blum$
FRA_marcel_bucard코0=$marcel_bucard$
FRA_rene_massigli코0=$rene_massigli$
FRA_georges_bonnet코0=$georges_bonnet$
FRA_charles_maurras코0=$charles_maurras$

#UNITED KINGDOM
ENG_stanley_baldwin코0=Stanley Baldwin
ENG_harry_pollitt코0=$harry_pollitt$
ENG_neville_chamberlain코0=Neville Chamberlain
ENG_horatio_dundas코0=Horatio Dundas
ENG_alan_brooke코0=$alan_brooke$
ENG_bernard_montgomery코0=$bernard_montgomery$
ENG_claude_auchinleck코0=$claude_auchinleck$
ENG_neil_ritchie코0=Neil Ritchie
ENG_alan_cunningham코0=Alan Cunningham
ENG_william_slim코0=William Slim
ENG_richard_oconnor코0=Richard O'Connor
ENG_william_platt코0=William Platt
ENG_george_giffard코0=George Giffard
ENG_harold_alexander코0=$harold_alexander$
ENG_jackie_smyth코0=Jackie Smyth
ENG_thomas_jacomb_hutton코0=Thomas Jacomb Hutton
ENG_arthur_percival코0=Arthur Percival
ENG_merton_beckwithsmith코0=Merton Beckwith-Smith
ENG_henry_pownall코0=Henry Pownall
ENG_john_vereker코0=$john_vereker$
ENG_henry_wilson코0=Henry Wilson
ENG_william_gott코0=William Gott
ENG_jock_campbell코0=Jock Campbell
ENG_oliver_leese코0=Oliver Leese
ENG_miles_dempsey코0=Miles Dempsey
ENG_brian_horrocks코0=Brian Horrocks
ENG_archibald_wavell코0=$archibald_wavell$
ENG_thomas_moore코0=Tom Moore
ENG_james_fownes_somerville코0=James Fownes Somerville
ENG_henry_harwood코0=$henry_harwood$
ENG_andrew_cunningham코0=$andrew_cunningham$
ENG_bruce_fraser코0=Bruce Fraser
ENG_john_tovey코0=John Tovey
ENG_bernard_rawlings코0=Bernard Rawlings
ENG_john_cunningham코0=John Cunningham
ENG_charles_forbes코0=Charles Forbes
ENG_algernon_willis코0=Algernon Willis
ENG_arthur_power코0=Arthur Power
ENG_james_somerville코0=$james_somerville$
ENG_tom_phillips코0=$tom_phillips$
ENG_hugh_dowding코0=$hugh_dowding$
ENG_arthur_harris코0=$arthur_harris$
ENG_james_chadwick코0=$james_chadwick$
ENG_frank_whittle코0=$frank_whittle$
ENG_edmund_ironside코0=$edmund_ironside$
ENG_ernle_chatfield코0=$ernle_chatfield$
ENG_dudley_pound코0=$dudley_pound$
ENG_cyril_newall코0=$cyril_newall$
ENG_charles_portal코0=$charles_portal$
ENG_edward_ellington코0=$edward_ellington$
ENG_kenneth_anderson코0=$kenneth_anderson$
ENG_sholto_douglas코0=$sholto_douglas$
ENG_trafford_leigh_mallory코0=$trafford_leigh_mallory$
ENG_frederick_bowhill코0=$frederick_bowhill$
ENG_louis_mountbatten코0=$louis_mountbatten$
ENG_max_horton코0=$max_horton$
ENG_clement_attlee코0=$clement_attlee$
ENG_john_beckett코0=$john_beckett$
ENG_stewart_menzies코0=$eng_stewart_menzies$
ENG_alan_turing코0=$eng_alan_turing$

#GERMANY
GER_adolf_hitler코0=Adolf Hitler
GER_konrad_adenauer코0=Konrad Adenauer
GER_wilhelm_pieck코0=Wilhelm Pieck
GER_gerd_von_rundstedt코0=$gerd_von_rundstedt$
GER_gunther_von_kluge코0=Günther von Kluge
GER_friedrich_paulus코0=Friedrich Paulus
GER_erwin_rommel코0=$erwin_rommel$
GER_erich_von_manstein코0=$manstein$
GER_heinz_guderian코0=$heinz_guderian$
GER_wilhelm_list코0=Wilhelm List
GER_ewald_von_kleist코0=Ewald von Kleist
GER_fedor_von_bock코0=Fedor von Bock
GER_walter_model코0=Walter Model
GER_maximilian_von_weichs코0=Maximilian von Weichs
GER_wilhelm_ritter_von_leeb코0=Wilhelm Ritter von Leeb
GER_georghans_reinhardt코0=Georg-Hans Reinhardt
GER_walter_kruger코0=Walter Krüger
GER_kurt_student코0=$kurt_student$
GER_erwin_von_witzleben코0=Erwin von Witzleben
GER_hermann_hoth코0=Hermann Hoth
GER_johannes_blaskowitz코0=Johannes Blaskowitz
GER_paul_hausser코0=Paul Hausser
GER_friedrich_schulz코0=Friedrich Schulz
GER_georg_von_kuchler코0=Georg von Küchler
GER_alfred_jodl코0=Alfred Jodl
GER_sepp_dietrich코0=Sepp Dietrich
GER_hasso_von_manteuffel코0=Hasso von Manteuffel
GER_albert_kesselring코0=$albert_kesselring$
GER_gotthard_heinrici코0=Gotthard Heinrici
GER_ernsteberhard_hell코0=Ernst-Eberhard Hell
GER_felix_steiner코0=Felix Steiner
GER_karl_donitz코0=$donitz$
GER_erich_raeder코0=$raeder$
GER_alfred_saalwachter코0=$alfred_saalwachter$
GER_hermann_boehm코0=Hermann Boehm
GER_wilhelm_marschall코0=Wilhelm Marschall
GER_gunther_lutjens코0=$gunther_lutjens$
GER_von_braun코0=$von_braun$
GER_heisenberg코0=$heisenberg$
GER_wolfram_von_richthofen코0=$wolfram_von_richthofen$
GER_walther_wever코0=$walther_wever$
GER_ernst_udet코0=$ernst_udet$
GER_otto_ciliax코0=$otto_ciliax$
GER_ludwig_beck코0=$ludwig_beck$
GER_wilhelm_keitel코0=$wilhelm_keitel$
GER_franz_halder코0=$franz_halder$
GER_walther_von_brauchitsch코0=$walther_von_brauchitsch$
GER_ritter_von_greim코0=$ritter_von_greim$
GER_hermann_goring코0=$goering$
GER_ferdinand_schorner코0=$ferdinand_schorner$
GER_werner_von_fritsch코0=$werner_von_fritsch$
GER_hugo_sperrle코0=$hugo_sperrle$
GER_erhard_milch코0=$erhard_milch$
GER_erich_bey코0=$erich_bey$
GER_viktor_schutze코0=$viktor_schutze$
GER_fritz_todt코0=$todt$
GER_albert_speer코0=$speer$
GER_hjalmar_schacht코0=$hjalmar_schacht$
GER_walther_funk코0=$walther_funk$
GER_ernst_thalmann코0=$ernst_thalmann$
GER_kurt_schumacher코0=$kurt_schumacher$
GER_joseph_goebbels코0=$joseph_goebbels$
GER_rudolf_hess코0=$rudolf_hess$
GER_heinrich_himmler코0=$heinrich_himmler$
GER_martin_bormann코0=$martin_bormann$
GER_joachim_von_ribbentrop코0=$joachim_von_ribbentrop$
GER_konstantin_von_neurath코0=$konstantin_von_neurath$
GER_wilhelm_canaris코0=$ger_wilhelm_canaris$
GER_wilhelm_ii코0=Wilhelm II
GER_victoria코0=Victoria
GER_august_von_mackensen코0=August von Mackensen

#ROMANIA
ROM_gheorghe_tatarescu코0=Gheorghe Tatarescu
ROM_constantin_ion_parhon코0=Constantin Ion Parhon
ROM_king_michael코0=Michael I
ROM_octavian_goga코0=Octavian Goga
ROM_corneliu_codreanu코0=Corneliu Codreanu
ROM_petre_dumitrescu코0=Petre Dumitrescu
ROM_ioan_mihail_racovita코0=Ioan Mihail Racovita

#TURKEY
TUR_mustafa_kemal_ataturk코0=Mustafa Kemal Atatürk
TUR_mehmet_recep_peker코0=Mehmet Recep Peker
TUR_izzettin_chalishlar코0=İzzettin Çalışlar
TUR_mustafa_muglali코0=Mustafa Muğlalı
TUR_hayrullah_fisek코0=Hayrullah Fisek
TUR_mehmet_nuri_yamut코0=Mehmet Nuri Yamut
TUR_ahmet_fevzi_pasha코0=Ahmet Fevzi Paşa
TUR_refet_pasha코0=Refet Paşa
TUR_mehmet_esat_pasha코0=Mehmet Esat Paşa
TUR_halife_abdulmecid_efendi코0=Halife Abdülmecid Efendi
TUR_nazmi_solok코0=Nazmi Solok
GER_hans_von_luck코0=Hans von Luck
GER_wilhelm_ritter_von_thoma코0=Wilhelm Ritter von Thoma
ITA_ferdinando_umberto_filippo_adalberto코0=Ferdinando Umberto Filippo Adalberto
TUR_durrushehvar_i코0=Dürrüşehvar I
TUR_abdulmejid_ii코0=Abdulmejid II
TUR_hazi_aslanov코0=Hazi Aslanov

#JAPAN
JAP_emperor_hirohito코0=$JAP_hirohito$
JAP_kyuichi_tokuda코0=Kyuichi Tokuda
JAP_tetsu_katayama코0=Tetsu Katayama
JAP_tomoyuki_yamashita코0=$tomoyuki_yamashita$
JAP_hisaichi_terauchi코0=$hisaichi_terauchi$
JAP_shunroku_hata코0=$shunroku_hata$
JAP_akira_muto코0=Akira Muto
JAP_kanji_ishiwara코0=Kanji Ishiwara
JAP_shizuichi_tanaka코0=Shizuichi Tanaka
JAP_yasuji_okamura코0=$yasuji_okamura$
JAP_toshizo_nishio코0=Toshizo Nishio
JAP_rikichi_ando코0=Rikichi Ando
JAP_naruhiko_higashikuni코0=Naruhiko Higashikuni
JAP_seishiro_itagaki코0=Seishiro Itagaki
JAP_takashi_sakai코0=Takashi Sakai
JAP_kenji_doihara코0=$kenji_doihara$
JAP_kenkichi_ueda코0=Kenkichi Ueda
JAP_shigeru_honjo코0=Shigeru Honjo
JAP_yoshijiro_umezu코0=Yoshijiro Umezu
JAP_otozo_yamada코0=Otozo Yamada
JAP_hatazo_adachi코0=Hatazo Adachi
JAP_iwane_matsui코0=Iwane Matsui
JAP_sadao_araki코0=Sadao Araki
JAP_keisuke_fujie코0=Keisuke Fujie
JAP_kiichiro_higuchi코0=Kiichiro Higuchi
JAP_masaharu_homma코0=Masaharu Homma
JAP_harukichi_hyakutake코0=Harukichi Hyakutake
JAP_jo_iimura코0=Jo Iimura
JAP_hitoshi_imamura코0=$hitoshi_imamura$
JAP_masatane_kanda코0=Masatane Kanda
JAP_kuniaki_koiso코0=Kuniaki Koiso
JAP_isoroku_yamamoto코0=I$isoroku_yamamoto$
JAP_mineichi_koga코0=Mineichi Koga
JAP_kiyoshi_hasegawa코0=Kiyoshi Hasegawa
JAP_shigeyoshi_inoue코0=Shigeyoshi Inoue
JAP_nobutake_kondo코0=Nobutake Kondō
JAP_takeo_takagi코0=Takeo Takagi
JAP_soemu_toyoda코0=Soemu Toyoda
JAP_jisaburo_ozawa코0=Jisaburo Ozawa
JAP_zengo_yoshida코0=Zengo Yoshida
JAP_hiroaki_abe코0=Hiroaki Abe
JAP_tadashige_daigo코0=Tadashige Daigo
JAP_gengo_hyakutake코0=Gengo Hyakutake
JAP_minoru_genda코0=$minoru_genda$
JAP_yoshitoshi_tokugawa코0=$yoshitoshi_tokugawa$
JAP_hino_kumazo코0=$hino_kumazo$
JAP_yoshio_nishina코0=$yoshio_nishina$
JAP_hideo_itokawa코0=$hideo_itokawa$
JAP_kanin_kotohito코0=$kanin_kotohito$
JAP_hajime_sugiyama코0=$hajime_sugiyama$
JAP_hideki_tojo코0=$hideki_tojo$
JAP_fushimi_hiroyasu코0=$fushimi_hiroyasu$
JAP_osami_nagano코0=$osami_nagano$
JAP_shigetaro_shimada코0=$shigetaro_shimada$
JAP_torashiro_kawabe코0=$torashiro_kawabe$
JAP_korechika_anami코0=$korechika_anami$
JAP_mitsuo_fuchida코0=$mitsuo_fuchida$
JAP_nishizo_tsukahara코0=$nishizo_tsukahara$
JAP_tateo_kato코0=$tateo_kato$
JAP_matome_ugaki코0=$matome_ugaki$
JAP_chuichi_nagumo코0=$chuichi_nagumo$
JAP_sanzo_nosaka코0=$sanzo_nosaka$
JAP_kijuro_shidehara코0=$kijuro_shidehara$
JAP_kingoro_hashimoto코0=$kingoro_hashimoto$
JAP_takuo_godo코0=$takuo_godo$

#HUNGARY
HUN_miklos_horthy코0=Miklós Horthy
HUN_otto_von_habsburg코0=Otto von Habsburg
HUN_matyas_rakosi코0=Mátyás Rákosi
HUN_arpad_szakasits코0=Árpád Szakasits
HUN_franz_friedrich코0=Friedrich Franz of Mecklenburg-Schwerin
HUN_geza_lakatos코0=Géza Lakatos
HUN_ivan_hindy코0=Iván Hindy
HUN_karoly_beregfy코0=Károly Beregfy
HUN_lajos_veress코0=Lajos Veress
HUN_ferenc_feketehalmyczeydner코0=Ferenc Feketehalmy-Czeydner
HUN_istvan_szechenyi코0=István Széchenyi

#POLAND
POL_anna_andersson코0=Anastasia Romanov
POL_karl_albrecht코0=Karl Albrecht I
POL_friedrich_christian코0=Friedrich Christian
POL_sejmik_regency코0=Sejmik Regency
POL_boleslaw_wieniawa_glugoszowski코0=Bolesław Wieniawa-Długoszowski
POL_witold_pilecki코0=Witold Pilecki
POL_wladyslaw_sikorski코0=Władysław Sikorski
POL_vladislav_korchits코0=Vladislav Korchits
POL_maria_koszutska코0=Maria Koszutska
POL_wladyslaw_gomulka코0=Władysław Gomułka
POL_wladyslaw_raczkiewicz코0=Władysław Raczkiewicz
POL_wincenty_witos코0=Wincenty Witos
POL_stanislaw_mikolajczyk코0=Stanisław Mikołajczyk
POL_pavel_bermondt_avalov코0=Pavel Bermondt-Avalov
POL_boleslaw_piasecki코0=Bolesław Piasecki
POL_wojtek코0=Wojtek
POL_rudinger_von_der_goltz코0=Rüdiger von der Goltz
POL_wladyslaw_bortnowski코0=Władysław Bortnowski
POL_stanislaw_kopanski코0=Stanisław Kopański
POL_marian_kukiel코0=Marian Kukiel
POL_stanislaw_sosabowski코0=Stanisław Sosabowski
POL_lucjan_zeligowski코0=Lucjan Żeligowski
POL_tadeusz_kutrzeba코0=Tadeusz Kutrzeba
POL_roman_abraham코0=Roman Abraham
POL_wincenty_kowalski코0=Wincenty Kowalski
POL_stefan_frankowski코0=Stefan Frankowski
POL_karol_korytowski코0=Karol Korytowski
POL_boleslaw_bierut코0=Bolesław Bierut
POL_edward_osobka_morawski코0=Edward Osóbka-Morawski

#CZECHOSLOVAKIA
CZE_edvard_benesh코0=Edvard Beneš
CZE_jaroslav_krejchi코0=Jaroslav Krejčí
CZE_vojtyech_luzha코0=Vojtěch Luža
CZE_josef_shnejdarek코0=Josef Šnejdárek
CZE_richard_tesarzhik코0=Richard Tesařík
CZE_sergej_vojcechovsky코0=Sergej Vojcechovský
CZE_frantishek_havlik코0=František Havlík

#ESTONIA
EST_konstantin_pats코0=Konstantin Päts
EST_artur_sirk코0=Artur Sirk
EST_jaan_anvelt코0=Jaan Anvelt
EST_herbert_brede코0=Herbert Brede
EST_otto_heinze코0=Otto Heinze

#LATVIA
LAT_karlis_ulmanis코0=Kārlis Ulmanis
LAT_gustavs_celminsh코0=Gustavs Celmiņš
LAT_alberts_kvesis코0=Alberts Kviesis
LAT_janis_balodis코0=Jānis Balodis
LAT_martinsh_penikis코0=Mārtiņš Peniķis
LAT_hermanis_buks코0=Hermanis Buks
LAT_fricis_virsaitis코0=Fricis Virsaitis
LAT_andrejs_krustinsh코0=Andrejs Krustiņš
LAT_zhanis_bahs코0=Žanis Bahs

#LITHUANIA
LIT_antanas_smetona코0=Antanas Smetona
LIT_wilhelm_karl코0=Mindaugas II
LIT_karl_gero코0=Mindaugas III
LIT_zigmas_angarietis코0=Zigmas Angarietis
LIT_augustinas_voldemaras코0=Augustinas Voldemaras
LIT_edvardas_adamkavicius코0=Edvardas Adamkavicius
LIT_kazys_skuchas코0=Kazys Skučas
LIT_stasys_pundzevichius코0=Stasys Pundzevičius
LIT_petras_schatz코0=Petras Schatz

#SWEDEN
SWE_per_albin_hansson코0=Per Albin Hansson
SWE_sven_olov_lindholm코0=Sven Olov Lindholm
SWE_sven_linderot코0=Sven Linderot
SWE_axel_pehrssonbramstorp코0=Axel Pehrsson-Bramstorp
SWE_folke_hogberg코0=Folke Högberg
SWE_erik_af_edholm코0=Erik af Edholm
SWE_claes_lindstrom코0=Claes Lindström

#YUGOSLAVIA
YUG_prince_paul코0=Prince Paul
YUG_paul_i코0=Paul I
YUG_milan_stojadinovic코0=Milan Stojadinović
YUG_milan_grol코0=Milan Grol
YUG_peter_ii코0=Peter II
YUG_vladimir_Cukavac코0=Vladimir Čukavac
YUG_ivan_gosnjak코0=Ivan Gošnjak
YUG_josef_depre코0=Josef Depre
CRO_nikola_mandic코0=Nikola Mandic

#GREECE
GRE_konstantinos_demertzis코0=Konstantinos Demertzis
GRE_nikos_zachariadis코0=Nikos Zachariadis
GRE_george_mercouris코0=George Mercouris
GRE_georgios_kosmidis코0=Georgios Kosmidis
GRE_charalambos_katsimitros코0=Charalambos Katsimitros
GRE_markos_drakos코0=Markos Drakos
GRE_theodoros_pangalos코0=Theodoros Pangalos
GRE_dimitrios_psarros코0=Dimitrios Psarros
GRE_panagiotis_demestichas코0=Panagiotis Demestichas" LIT_petras_schatz: "Petras Schatz

#CANADA
CAN_mackenzie_king코0=Mackenzie King
CAN_adrien_arcand코0=Adrien Arcand
CAN_tim_buck코0=Tim Buck
CAN_j_s_woodsworth코0=J. S. Woodsworth
CAN_thomas_victor_anderson코0=Thomas Victor Anderson
CAN_charles_foulkes코0=Charles Foulkes
CAN_percival_john_montague코0=Percival John Montague
CAN_bert_hoffmeister코0=Bert Hoffmeister
CAN_leonard_w_murray코0=Leonard W. Murray
CAN_ht_bailliegrohman코0=H.T. Baillie-Grohman
CAN_james_d_prentice코0=James D. Prentice
CAN_harry_dewolf코0=Harry DeWolf

#MEXICO
MEX_salvador_abascal코0=Salvador Abascal
MEX_adolfo_de_la_huerta코0=Adolfo de la Huerta
MEX_dionisio_encina코0=Dionisio Encina
MEX_hernan_laborde코0=Hernán Laborde
MEX_valentin_campa코0=Valentín Campa
MEX_lazaro_cardenas코0=Lázaro Cárdenas
MEX_juan_andreu코0=Juan Andreu
MEX_heliodoro_charis코0=Heliodoro Charis
MEX_gildardo_magana코0=Gildardo Magaña
MEX_manuel_sanchez코0=Manuel Sánchez
MEX_francisco_mugica코0=Francisco Múgica
MEX_jesus_degollado_guizar코0=Jesús Degollado Guízar
MEX_alberto_gorostieta_vega코0=Alberto Gorostieta Vega
MEX_dionisio_navarro_anguiano코0=Dionisio Navarro Anguiano
MEX_luis_maria_martinez코0=Luis María Martínez

#NETHERLANDS (HOL)
HOL_hendrikus_colijn코0=Hendrikus Colijn
HOL_anton_mussert코0=Anton Mussert
HOL_lou_de_visser코0=Lou de Visser
HOL_dirk_jan_de_geer코0=Dirk Jan de Geer
HOL_pieter_sjoerds_gerbrandy코0=Pieter Sjoerds Gerbrandy
HOL_johannes_theodorus_furstner코0=Johannes Theodorus Furstner

#DUTCH EAST INDIES
INS_sukarno코0=Sukarno
INS_a_t_van_starkenborgh_stachouwer코0=A. T. van Starkenborgh Stachouwer
INS_amir_sjarifuddin_harahap코0=Amir Sjarifuddin Harahap
INS_suharto코0=Suharto
INS_sutan_sjahrir코0=Sutan Sjahrir

#BRITISH RAJ
RAJ_lord_linlithgow코0=Lord Linlithgow
RAJ_p_krishna_pillai코0=P. Krishna Pillai
RAJ_b_p_sitaramayya코0=B. P. Sitaramayya
RAJ_noel_beresfordpeirse코0=Noel Beresford-Peirse
RAJ_frank_messervy코0=Frank Messervy
RAJ_douglas_gracey코0=Douglas Gracey
RAJ_herbert_fitzherbert코0=Herbert Fitzherbert
RAJ_lakshmi_sahgal코0=Lakshmi Sahgal
RAJ_orde_wingate코0=Orde Wingate
RAJ_kodandera_madappa_cariappa코0=Kodandera Madappa Cariappa
RAJ_kodandera_subayya_thimayya코0=Kodandera Subayya Thimayya
RAJ_jayanto_nath_chaudhuri코0=Jayanto Nath Chaudhuri

#AUSTRALIA
AST_john_curtin코0=John Curtin
AST_eric_campbell코0=Eric Campbell
AST_richard_dixon코0=Richard Dixon
AST_earle_page코0=Earle Page
AST_rod_hull코0=Rod Hull
AST_leslie_morshead코0=Leslie Morshead
AST_thomas_blamey코0=Thomas Blamey
AST_henry_wynter코0=Henry Wynter
AST_alan_vasey코0=Alan Vasey
AST_horace_robertson코0=Horace Robertson
AST_john_northcott코0=John Northcott
AST_harold_farncomb코0=Harold Farncomb
AST_victor_crutchley코0=Victor Crutchley
AST_iven_mackay코0=Iven Mackay

#SOUTH AFRICA
SAF_j_b_m_hertzog코0=J. B. M. Hertzog
SAF_moses_kotane코0=Moses Kotane
SAF_pixley_ka_isaka_seme코0=Pixley Ka Isaka Seme
SAF_jan_smuts코0=Jan Smuts
SAF_george_edwin_brink코0=George Edwin Brink
SAF_guy_hallifax코0=Guy Hallifax

#NEW ZEALAND
NZL_michael_joseph_savage코0=Michael Joseph Savage
NZL_sidney_holland코0=Sidney Holland
NZL_john_ormond코0=John Ormond
NZL_elsie_farrelly코0=Elsie Farrelly
NZL_peter_fraser코0=Peter Fraser
NZL_bernard_freyberg코0=Bernard Freyberg
NZL_robert_row코0=Robert Row
NZL_william_stevens코0=William Stevens
NZL_edmund_rupert_drummond코0=Edmund Rupert Drummond
NZL_peter_phipps코0=Peter Phipps
#FINLAND
FIN_risto_heikki_ryti코0=Risto Heikki Ryti
FIN_aimo_aaltonen코0=Aimo Aaltonen
FIN_vilho_annala코0=Vilho Annala
FIN_kyosti_kallio코0=Kyösti Kallio
FIN_carl_gustaf_emil_mannerheim코0=Carl Gustaf Emil Mannerheim
FIN_erik_heinrichs코0=Erik Heinrichs
FIN_vilho_petter_nenonen코0=Vilho Petter Nenonen

#BRAZIL
BRA_getulio_vargas코0=Getúlio Vargas
BRA_arlindo_veiga_dos_santos코0=Arlindo Veiga dos Santos
BRA_plinio_salgado코0=Plínio Salgado
BRA_luis_carlos_prestes코0=Luís Carlos Prestes
BRA_armando_sales코0=Armando Sales
BRA_eurico_gaspar_dutra코0=Eurico Gaspar Dutra
BRA_mascarenhas_de_morais코0=Mascarenhas de Morais
BRA_augusto_rademaker코0=Augusto Rademaker

#BELGIUM
BEL_hubert_pierlot코0=Hubert Pierlot
BEL_joseph_jacquemotte코0=Joseph Jacquemotte
BEL_mcl_keyaerts코0=M.C.L. Keyaerts
BEL_georges_timmermans코0=Georges Timmermans
BEL_gilles_wyvekens코0=Gilles Wyvekens

#PERSIA - IRAN
PER_reza_shah_pahlavi코0=Reza Shah Pahlavi
PER_soleyman_mirza_eskandari코0=Soleyman Mirza Eskandari
PER_hasan_arfa코0=Hasan Arfa
PER_dalir_pesyan코0=Dalir Pesyan
PER_sohrab_tahmasebi코0=Sohrab Tahmasebi

#SWITZERLAND
SWI_federal_council코0=Federal Council
SWI_ernest_beuin코0=Ernest Béuin
SWI_dr_max_leo_keller코0=Dr. Max Leo Keller
SWI_fritz_platten코0=Fritz Platten
SWI_henri_guisan코0=Henri Guisan

#ETHIOPIA
ETH_haile_selassie코0=Haile Selassie
ETH_fitawrari_yeebio_woldai코0=Fitawrari Yeebio Woldai
ETH_seyoum_mengesha코0=Seyoum Mengesha
ETH_amare_makonnen코0=Amare Makonnen
ETH_haile_mariam코0=Haile Mariam
